feature1,feature2,feature3,feature4,feature5,label
-0.8648708944412583,-0.9222628127859207,-0.8831790528841623,-0.8118874564616944,-0.026379095697615113,0
0.21527661254671404,-0.7223635179535026,-1.3677484734530627,-0.789241424009536,-0.4876289510510025,0
-1.4093721112004851,0.7912319542075151,1.567579685315978,0.8802346838680635,0.36960247067404545,1
-0.6262241201094857,0.2771927545950541,-0.44495123706029105,0.08288656292085496,1.251135220506431,1
0.6788450805037247,-1.8525253535260868,0.08140115737604803,-1.2099713698932706,0.6792881771434423,0
-1.8993000479904414,-1.9042029253681712,0.14385406449083726,-1.2300739186626881,-1.3538350118732956,0
-0.08700950262873691,2.0285868438427377,-1.7202564654760004,0.9549954076717527,-0.28463849420469456,1
-0.016482954609970835,0.9776926406988998,1.4342581540864203,0.9736393464802879,-0.24094697561879588,1
1.7641179019645896,1.0482338294245692,-1.2763444755340845,0.4055979906641402,-0.9898726445030334,1
-0.8637214247228076,1.047393615476447,-1.0219975083936828,0.4627317457448429,-2.057972132706257,1
-0.5133806352933271,1.777249745416384,-1.6813213814513406,0.7971616046886876,-0.8830445728994485,1
0.19453236894768777,-0.9157918605927642,-1.1284775303269337,-0.8632350163655671,-0.2622418354777311,0
0.03807735808707371,1.0000019948880043,0.3462051573228415,0.7416410873273486,0.22547029859337367,1
0.03848223498021586,-0.891388912174638,-0.325977981168903,-0.665030352088356,-0.11267661387320133,0
-0.3015137912268174,1.606993622098126,-1.681482475995998,0.6842259141541215,-1.1247258691809952,1
1.917081429362178,-1.0435772896067688,1.2830332884121614,-0.4009930209923021,1.445792086399719,0
0.27421563718698716,-0.8882310653793728,-1.1893260844083557,-0.8587607312688971,0.9751120830782083,0
0.3404656984809733,-1.8003513303405243,0.12846308312208765,-1.1646994918190403,-0.9483970879004371,0
0.029978405166102985,0.7323110837761718,-0.7048971466685408,0.3257208542560439,0.19584312094413253,1
-0.38289481085020477,-0.997008383904376,0.9981765837526589,-0.434723669253759,-0.5706562039008561,0
-1.5266070238569311,0.9133073215521336,2.050242415670538,1.0706619542717954,-0.5258077101695177,1
0.17306368756930246,-1.9956228566098337,0.5001229272692806,-1.2098869085029622,-1.249527403788803,0
-0.8198580458139396,-0.7993217135411566,0.302193014338225,-0.4614977599746045,-2.3991546675888276,1
0.5543004988332529,0.5853871118067899,-0.7518435109406518,0.21764520802437448,-0.10359378023232643,1
0.3663855971882703,-0.1260975247967182,-2.375123761220947,-0.622341932393098,0.379709859606648,0
1.5050996889280834,0.831604356840888,1.0692285959409806,0.793970309792878,1.2269078440895862,1
-1.4176492418403823,1.184020114747892,1.4737397384067248,1.1194131034872572,1.3492036354021442,1
-0.5405720900739406,0.9481975142785288,0.11629810323264178,0.6551413739063819,0.5388844264971753,1
-2.453557611016111,2.0254147798751534,-1.8936109718182892,0.913571745248031,-0.008052357901458236,1
0.7417413517260675,0.7532282906338112,1.0005341800605472,0.7264168248651919,-0.5853150311400672,1
-0.3763788719726785,0.6225704405236387,-0.7135013414460027,0.2509987398743998,-0.4892050189786395,1
-0.8268272243545464,-0.9950383099083695,1.592981084768391,-0.2985038854731264,-0.42129108440215296,0
-0.271606184420476,-0.9990100661422878,1.892369146532067,-0.23323048940654167,-0.059740806802419104,0
0.6000958459371526,-0.8989870536698691,-0.7335326542083787,-0.7625102271073403,0.015273439047504703,0
1.056634791852378,0.20959228125817608,1.6275423227270038,0.5081422152501011,-0.021095037831825935,1
1.9843772092557928,3.536071748831823,-3.2515866245082083,1.6072932471948467,-0.16312029486786817,1
0.6168071365073156,-0.953410248129482,0.9472020001205512,-0.4173751941111403,-0.9552219613490127,0
-0.12398281212519333,-1.0817154816988677,1.0473117129546068,-0.4797492808268152,-0.3068482238183104,0
1.024325299499675,0.06034946544578568,-2.3994143236101,-0.504215976193537,-0.23795320637981182,0
0.23152059700214367,1.1610910053301824,-0.010579713782784994,0.7675355503165209,-0.2147249658336842,1
1.2468351212379811,1.2798147193107714,0.6484654786532771,0.9957473175756049,0.6846866924640189,1
0.12529869592543547,-0.5053117863597585,-1.749091971776553,-0.7318077008318504,0.9424131355043002,0
0.38951323841345203,-1.4752332022585797,-0.5243803289993685,-1.0971870105041301,0.5798221324220878,0
-0.46457212888120336,-0.9833848134374403,-0.06803353895060016,-0.6675271947671002,1.4773440539344547,0
0.274624668918374,-1.884941658716777,0.31394224563149,-1.178722154127487,-0.7006392207101929,0
-0.4348136107841091,-1.0627408563063254,0.29606067879304454,-0.6375655111795128,-1.1929322685415171,0
-0.7339542434681178,-0.9376773034004516,-1.212267752433126,-0.8967528273683766,-0.09079396594760553,0
0.8950792928958073,-1.5650709038237305,-0.42801652469231855,-1.134902399521026,-0.40839367222932893,0
-1.4173300208471087,0.04214418730908853,-0.40629517473428267,-0.0642093811429553,0.6663712067947678,1
0.20202381052392798,0.7127557486067309,-0.9405322508912808,0.259306752984606,-0.17844091477190394,1
0.31311459952021564,-0.9700912235098698,0.7687573591700648,-0.4689113424310609,0.3650041858235844,0
0.5353557021035178,0.7825809330327103,1.4589794116717565,0.8498653884753036,0.9293862292888744,1
0.6006097405290499,-0.8282097259798469,-1.208631671733173,-0.8233386529860385,-0.8144192093315572,0
0.2776461086151776,-0.9101587903396852,-1.1432938904498153,-0.8628602937796135,-1.7683794011469323,0
1.3958521360513776,1.583427636509521,-1.3842764791738982,0.7360111748268181,-0.7475805588691067,1
-0.4005622002747866,-1.6676123093283133,-0.11201920850960623,-1.1312245718504679,-1.1296439304016266,0
-1.1710875829575322,-1.1011895528926146,2.1648868432729014,-0.23917470436557586,-0.029660479880492592,0
-0.03448758398395904,1.3630407172132664,0.7232671368195147,1.0679021012703906,-1.5018727911136114,1
0.37474295313471956,-0.9870986436709122,0.13234156046322,-0.6245408586129847,0.7192165469801723,0
-0.474734814618343,-1.0758066955320174,1.984531290190178,-0.26325118565208117,-1.5506666843474866,0
-0.010766829161811734,1.0965171763215154,-1.070551743464066,0.4842931882315753,1.1280977726105577,1
-1.599102602950824,1.2831339690945516,-1.3929119079209102,0.53492367383398,-0.4165938807070238,1
0.2958265580933477,-0.05636047727485771,-2.304181857365477,-0.5600073236262149,0.03031713499490811,0
0.7177767379602477,0.4363569054654325,-0.6472403960657365,0.14254730224514164,-0.3105885475619799,1
-0.7969165619090242,2.2208375677579504,-1.8771924367940214,1.0468833017455696,-0.5077317297759538,1
-0.22651574774444766,-1.1113478257863332,2.324942008887354,-0.20960712260305514,-0.4481817744259106,0
2.9173422629111743,-1.5639421574133434,-0.1658359228264864,-1.0746861770719136,-1.1514410020680272,0
0.5246640893198233,0.7226365122504157,-0.8294096766953848,0.291063614884425,0.331456291427704,1
1.2310972039621606,-1.0476575794344423,1.8011106745575969,-0.2861885398284773,0.050998430694654776,0
-1.236622818026507,-0.1357177946086029,-2.1815158948679008,-0.5848071786878746,-0.9747930588539695,0
0.7813750475623209,1.176379685508875,1.3974449577883798,1.0970414688078907,-0.6128170222173142,1
0.6667751929732427,0.6465726776758632,-0.7931970275429316,0.24883839517833603,-0.9359862233490934,1
0.5873300336351596,1.093689571068789,0.1713006734217084,0.7640948042197119,-1.555961432155218,1
-0.2949079082319566,-1.077369806326234,1.3373895170515684,-0.4110722329344355,2.855664620665326,0
0.5661249597949551,-0.9658063752099608,0.23411448697448,-0.5873375572908213,-0.16929579609380765,0
-2.2823438955062207,1.6193933503557685,0.1433074039453024,1.1063467045878692,-0.47880994230676843,1
0.8579478072818996,-1.0586679815940483,-0.8871274651306033,-0.9032351570443956,-1.9838380945313634,0
-0.05563573243669124,1.1548745673264547,-1.0243342295118145,0.5334738123483564,-0.4290200800344878,1
-0.1240200637784544,-1.1098810848904603,1.6809337932711852,-0.35470828132377646,-0.6684598677891029,0
1.0751515652186763,-1.6121097220515086,-0.2852450623739047,-1.1337110940490374,0.8765854416730087,0
0.15696685738585592,0.9947667465199039,0.21973299591006523,0.709483140446062,-0.9194324087887578,1
-1.7452233576525529,-0.8419671472626957,-0.19888841210140762,-0.6034316848413191,0.7176489883366332,0
-0.1580447778403841,-1.025441604601452,2.5311664352207055,-0.10586576858791408,-2.5583293264500084,0
-0.5173760016160803,2.0368825129271473,-2.047139620631551,0.8863528271561965,0.16044755491850515,1
0.5725735003517746,-1.4332978322241465,-0.5483766769072713,-1.0748219415888896,-0.7079253392996304,0
0.04240516114867927,-0.8677003611195577,1.1882335825110149,-0.30586908195003426,0.3335955381826297,0
0.4734446554635759,0.19214778571696733,-2.4594146788347917,-0.43042798220139245,-0.03704217668103668,0
0.4417549171323662,-2.0806023200064363,0.49695760642380127,-1.266955903774006,0.29486321286750544,0
-0.4286909271983193,-0.5343288617297464,-1.5636716516074902,-0.7089923297960535,1.3002376737970693,0
-1.4676854413945666,1.8073048145808088,-1.6822392089003935,0.816883348464582,-0.9079846015607901,1
0.2443603061448778,1.1249030526327757,-1.3248006168237532,0.4454475861320043,-1.5471120436429695,1
0.2525392363524279,-1.7892195481458386,0.20846697991903262,-1.139171392748287,-0.6248511303066596,0
-0.8286631705624656,-1.1578883461109115,-1.000220432915194,-0.9946812475934323,2.0041345432562334,0
0.01549096218900521,0.49220142507172326,-0.5343495791617864,0.20518442824738986,-1.2492691174853006,1
-1.323709229941315,-0.8141186696494546,0.3912501319853491,-0.45110991076367435,0.3998913337016254,0
-1.1136554319052752,-1.469782679905591,-0.3001815189784689,-1.0427199797093976,1.3823787889762456,0
1.5334643126349543,-1.1708568747694041,2.92431116415536,-0.11311962779826812,0.778863770969013,0
-1.0536132609379198,0.45343732356121536,-0.4153220333174754,0.20647722201600271,0.4028466471123171,1
-0.6531676009607025,-1.0365764971471407,0.6152133085749665,-0.5478254529650335,-0.11236830028700938,0
-1.5307795125487274,2.3058250702832668,-2.161126683461001,1.038837779268135,-1.244332299194316,1
0.645766735136948,-0.11643375546287937,-0.038381462033934666,-0.08591448007401133,-0.3493809506966074,1
-1.6582490926691722,0.7719143995900808,1.560795927910871,0.8658862605779727,-1.4300869555933926,1
-1.4695155647906217,0.6105613782148123,2.02244423721178,0.8636018258964939,1.3235121751212244,1
-0.39615133206142417,-0.27788191598081813,0.11747324422434824,-0.1576220276550736,-0.5372879017850065,1
0.3451473320795922,0.6624292859551206,-0.9232165423138232,0.2298621355626444,0.5210467555508669,1
-0.3534746168331114,-0.9097363446305199,0.6681974667637531,-0.45169816975008514,1.1395653500523797,0
0.10594023512015026,-0.9338190997306343,0.2555876782461639,-0.5612558162329696,1.4984574609972383,0
-0.7068804616110574,-1.0516135892734266,1.8313807956009656,-0.2819459628444494,0.6296235907156847,0
0.009058530451859418,1.7049630425884534,-0.37953428556111235,1.04449831649871,-1.3526597498468695,1
-1.039526713433752,-0.17658200840245153,-1.9968278255354326,-0.5700138952225816,0.23959403987458233,0
1.609442549224375,2.013952565581659,-0.5165377386896204,1.2183183846126822,0.1619242553785288,1
0.3030224953740438,-1.0935532016861642,2.5937793653457595,-0.13682964664600994,0.5118849882843731,0
3.0910441807768425,-0.9420990360913369,-0.9614392936578917,-0.8427920932246222,-0.06594542659063393,0
-0.08361501965339599,0.26614751082536603,1.0625175218559915,0.41748598007090065,1.0984463964252569,1
-1.7127948478640431,-0.8315406818721178,0.36229864534900913,-0.4692294526397414,0.5981540584679595,0
0.14862894550059455,-0.8838507399937012,-1.3205869975956086,-0.8856286438292791,0.7367679893986322,0
1.5565994224411626,1.0689508574738957,-1.0474521362035465,0.47125303412061503,0.19458917554307567,1
-0.5896965158822749,0.7662554665138109,1.2802092418534754,0.7984911465444771,1.2264417662415086,1
-0.2179426295573193,1.37416163088362,1.690022714159035,1.2945557768825036,0.5974781627376168,1
0.5021027066762582,-1.0834006733000554,1.1323167571329662,-0.46158593247288965,0.6890508157946409,0
1.409176196077356,-0.8411463218564016,-1.3267828711030791,-0.8587161097219318,1.9194597164071399,0
-0.11203172022688346,1.5293830793316077,-0.33238883560377963,0.9387623733052269,-1.069869977859795,1
-1.134369413192493,0.9565468598622956,1.409743928698109,0.9540569814199459,0.08774933154270977,1
-0.22051504262175567,-0.7727875816075336,-1.2007999971656633,-0.7848110968567219,-0.9344669527376496,0
-1.28256708551071,-0.7880989193826299,-1.3420838509861572,-0.827010219860967,0.6917559138107735,0
0.8547621458287472,0.8705122187261187,1.620264320249233,0.9447564206791126,-0.09253033827544561,1
-1.0521380482475002,0.9282225255380887,0.8691299813479173,0.8126528163276042,2.3405349918880276,1
1.3022893147946581,1.375366540911587,-1.157037418374955,0.6495853365626111,0.6460551646660002,1
-0.6655271289482344,-0.9732855360311203,0.4017705383220662,-0.5542693889645595,0.4894285624463958,0
0.26148796084183523,-0.8652964045498485,-0.06669406766261887,-0.5889173461271826,-0.3266477482685744,0
2.350433149356511,-0.9716535432052702,0.23911212329441356,-0.5900813313594764,0.48842496333955004,0
2.075311001604059,1.3890390727212558,0.9772699773113409,1.1427548220862584,0.7103008200289281,1
0.9489298979547792,-0.9149683057637816,0.08118998301388303,-0.5883124378467343,0.22593854466918753,0
-0.0583545338509714,1.039192207957492,-0.9820653003393296,0.4663506938251813,1.0577933910869237,1
2.1432311439386518,0.832982861772491,1.5625138158822998,0.9067712393733677,1.2193879351281698,1
-0.0635499921060829,1.7169311373838316,-1.7893829130967345,0.7326530270123839,-0.8570286056564562,1
-0.53505230076911,-0.9680304975978443,2.64668562753082,-0.04159364975428714,-0.22233601996422295,0
0.8105509907071444,1.3685091099978148,0.7160976982936809,1.069902096738144,0.7255063441451877,1
0.6032716465541786,0.9505843414770051,1.7912526666966815,1.036636866271971,-0.013379192184754089,1
2.0221718752247972,-0.7316344790561347,-1.093822202087377,-0.733257239388643,1.6500153707804628,0
-0.45487516064237854,0.7740319168551092,1.0689541775561124,0.7557309982602772,0.6281014263826313,1
-1.5153259293114754,-0.9550238002209305,0.8015673487058287,-0.4514779758872466,-1.4534083592253753,0
0.6008524383966732,-0.6960504501914471,0.8265488506945629,-0.27408292732579503,-0.8578089448956832,1
-2.56003647306082,-0.9366108909368376,-0.1265946555493367,-0.6497935876689096,1.210694230053141,0
0.909795619553253,-1.0467029020141578,2.792714243549222,-0.0606402188004016,-1.1486178899900792,0
-0.7994057242440297,1.4859332479141727,-1.6234701699388538,0.6171074694739004,-1.910230316439483,1
0.37517324578697564,-1.0459785432194117,0.8014662936547178,-0.5118142243713062,1.2519171598316425,0
-0.8313460019479922,0.07401173487956003,1.9744258561731374,0.4969169429239798,-0.5534024776559684,1
-0.6687947251493276,-1.514036777431944,-0.4260260275594464,-1.1006094921319822,-1.3366531023425285,0
0.038448752471342475,1.591904431015112,0.41866753839419135,1.1505755417579062,2.0781653664799102,1
-1.0527879574223578,1.5990158771009009,0.7758326622873113,1.2363033381096518,-0.648527109201178,1
-0.03843337711656532,1.186320070664166,-1.3243331127919982,0.4862800852944907,-0.11959944830750674,1
0.6980328834497865,0.8087605434999553,0.8493642300760007,0.7289526886556982,1.0270480061029439,1
-0.35927898240269607,0.017725105466231184,-0.42848123763457424,-0.08543424341745734,0.7158870599197069,1
-1.2276664495630227,-1.1178910421866337,-0.8685995347363943,-0.9383042737336176,-2.844748111252511,0
-0.9519774716139457,0.9718365684314867,-1.14327925057465,0.38511974720733083,1.3473441482030717,1
-0.1453367675224641,1.4198326838579185,-1.124141757066065,0.6865328260272457,1.9383862204113702,1
-0.04129900436794299,1.0648956657142985,1.973756629794853,1.153833761223662,1.6408025515589133,1
-1.5055242229031922,2.1019815230232037,-1.8399332260069448,0.976519366279186,-0.14285990057600037,1
-0.6405874621386715,-0.8815199778006213,-1.004833607069648,-0.8124639824923618,1.6737135111949768,0
0.384641036932573,2.595785623977917,-2.4748601391784955,1.1599536261822418,0.46861006631952096,1
-0.23670632881228834,0.8426477301785976,-0.9740211669132945,0.3378439455428133,-0.39904030270544233,1
0.11414244194676859,-1.029495176391068,-1.031040738868599,-0.9165326441245502,0.3414917504017334,0
-1.4888137651794722,-0.9325849542720082,-0.3215465043763839,-0.6913428615275665,0.2383935636403855,0
-0.7859029343154079,-1.039913115340296,-1.075008585797024,-0.9334136966500818,0.6286280803592127,0
-1.4922111078824158,-1.108185529197651,2.033807330830868,-0.27354525204246033,-0.6077072713007168,0
0.7910153499924817,-1.0073517415133844,0.4514646166437304,-0.5655875553601882,0.30574289238193014,0
-0.5013551317306244,0.6710801319107618,-0.6980187583380597,0.28667793147795606,-2.3887395638232083,1
0.21015699034917362,0.9908330140367849,-0.9188417943619208,0.4486233936222803,-0.5059227083834208,1
0.9945527992500955,-1.0512549772477966,0.470869265187711,-0.5902990308324599,1.3546639460290435,0
0.455068672112535,-1.02434015291746,2.4168993447608775,-0.13105341248352786,1.3220861887252913,0
-0.7756550655570988,1.3476361781289385,-1.1655333167539095,0.6292699183846613,2.1669112606735266,1
0.9467630902977104,-0.012610356761780572,-0.08302428827795516,-0.027193646380585156,-0.07979300835646673,1
0.8893342627539838,-1.1395864521130308,-0.6772598745571947,-0.9092911836078884,1.4093998848623714,0
-0.8749232566634411,-0.6624044605620919,-1.4628035530580752,-0.7710421257451665,-0.25007562842514647,0
3.01941385724077,-1.534136456024854,-0.5101162459943995,-1.1330111836834962,-0.341979751722454,0
-0.537277601672614,-0.25601562028315794,-2.1263767642782243,-0.6520716599856731,0.476636042026084,0
-0.5593663575294635,-2.1216612075904533,0.43004173001429513,-1.3093604521305442,0.40806550710918715,0
0.16968884377359286,-1.02418432090398,0.44999089992830466,-0.5770837357414129,-0.5035474017062052,0
0.462351851415884,0.09579257163059729,-0.0908960741624425,0.04290433346985004,0.0014021890671709785,1
-0.11805414991296066,2.9227110675606314,-2.81029006036238,1.300660207752693,0.8079175325369157,1
-0.4457809433302536,-1.1054326664453606,0.5939141061659887,-0.5983159948785062,-0.8068923733043614,0
0.05343074706878354,-1.173057952914162,3.008214621550906,-0.09554823245337718,-1.8595799356437999,0
-0.8890662374740447,0.9331158276673909,1.2765218812921484,0.9083021554223771,1.9505886073951404,1
0.26382072568667503,1.3164510065308175,1.3511654310854666,1.179427556849819,-0.014615365200944776,1
0.5414322577199256,-0.3891931931338659,-1.8078094858260156,-0.6681261734124471,-0.6078210003323176,0
-0.5436574626968382,-0.9519480000327972,-1.0609725648994885,-0.8718991856528652,0.8257160796863771,0
0.3643967821701088,1.3514891882680884,1.1655399457460112,1.1605583278321492,0.06813382233367485,1
0.5138185164970572,0.38820574613516967,1.7286073284283527,0.6495067713086699,1.1323022865094718,1
-0.011048026039764373,1.2156737699058475,2.291540740688782,1.3258964816085874,-0.3852501941819352,1
0.5595632183098618,1.0984775935840947,0.509327209819926,0.8439408974037916,1.5199458687685525,1
-0.4829980929024466,0.7030297313785892,1.2002006383172086,0.7384177711412078,-1.3755306225900064,1
0.03767992876975358,0.8473473332096693,1.7190710076691884,0.9518067769418497,-0.584249608461184,1
-0.06308289853798742,-1.9892275443335956,0.30638688533804537,-1.249589248165383,1.9805250100128853,0
-0.9141565935593146,-1.0886869179692638,1.9777045724135291,-0.273340670676276,-1.8009661845746268,0
-2.6922823154034874,-1.021390087984538,-0.8444550623333476,-0.8688367355458371,-1.6707631733971704,0
-0.3184087403437549,1.0737824261270754,2.0562303433165767,1.1784333589968945,2.4108004598210706,1
0.5793038956626202,0.20407534632451385,1.5252267915013582,0.48127667869918805,0.18954204483411227,1
1.0730779265544022,1.637416774314723,0.19996316803943937,1.131148927713209,-0.3276001843906061,1
-0.20240632363939806,0.9020478319903797,1.1233531985443672,0.8529588644688877,-0.4163079176269099,1
